chunk_size,max_tokens,questions_num,rouge1,rouge2,rougeL,rougeLsum,bert_score_P,bert_score_R,bert_score_F1,sts_score
128,128,2,0.21317079082583978,0.12170731636101842,0.17683180784815866,0.2023628608530642,0.6789245444994706,0.39452826976776123,0.49153667229872483,0.5351011730157412
